subgroup,modeldate,startdate,enddate,pollster,grade,samplesize,population,weight,influence,dem,rep,adjusted_dem,adjusted_rep,multiversions,tracking,url,poll_id,question_id,createddate,timestamp
All polls,5/24/2022,11/21/2020,11/23/2020,McLaughlin & Associates,C/D,1000,lv,.42675533,0,45,47,43.651323,43.78139,"","",https://mclaughlinonline.com/pols/wp-content/uploads/2020/11/Newsmax-National-PPT-11-24-20-.pdf,73339,139355,1/20/2021,20:26:06 24 May 2022
All polls,5/24/2022,12/9/2020,12/13/2020,McLaughlin & Associates,C/D,1000,lv,.40561148,0,46,48,44.651323,44.78139,"","",https://mclaughlinonline.com/pols/wp-content/uploads/2020/12/National-Monthly-December-For-Release-1.pdf,73755,139356,1/20/2021,20:26:06 24 May 2022
All polls,5/24/2022,2/12/2021,2/18/2021,Echelon Insights,B/C,1005,rv,.72685144,0,44,44,41.765917,43.718426,"","",https://echeloninsights.com/in-the-news/march-omnibus-political/,74400,140351,3/24/2021,20:26:06 24 May 2022
All polls,5/24/2022,2/18/2021,2/23/2021,Greenberg Research,B,1000,rv,1.1342245,0,47.666667,42.333333,46.214956,41.150385,*,"",https://democracycorps.com/national-surveys/new-democracy-corps-national-phone-poll-fixed-to-accommodate-trumps-right-wing-populism/,74469,140129,3/10/2021,20:26:06 24 May 2022
All polls,5/24/2022,2/22/2021,2/25/2021,NRSC,"",1200,lv,1.055869,0,39,38,40.52559,38.81991,"","",https://static.politico.com/46/bc/107f15c4455fb427632f492b4deb/nrsc-national-survey.pdf,74745,140879,4/30/2021,20:26:06 24 May 2022
All polls,5/24/2022,2/24/2021,2/28/2021,McLaughlin & Associates,C/D,1000,lv,.34848794,0,46,46,44.651323,42.78139,"","",https://mclaughlinonline.com/pols/wp-content/uploads/2021/03/National-Monthly-For-Release-3-03-21.pdf,74444,140041,3/3/2021,20:26:06 24 May 2022
All polls,5/24/2022,2/26/2021,2/28/2021,LÃ©ger,B/C,1002,a,.96294561,0,39,31,40.513961,34.342759,"","",https://leger360.com/wp-content/uploads/2021/03/Legers-North-American-Tracker-March-1st-2021-min.pdf,74438,139992,3/2/2021,20:26:06 24 May 2022
All polls,5/24/2022,3/15/2021,3/21/2021,Echelon Insights,B/C,1008,rv,.62552506,0,46,42,43.765917,41.718426,"","",https://echeloninsights.com/in-the-news/march-omnibus-political/,74557,140352,3/24/2021,20:26:06 24 May 2022
All polls,5/24/2022,4/3/2021,4/7/2021,PEM Management Corporation,"",1000,lv,.69027885,0,39.8,42.7,41.132445,42.018487,"","",https://boltonsuperpac.com/pdfs/crostabs_04202021.pdf,74681,140689,4/20/2021,20:26:06 24 May 2022
All polls,5/24/2022,4/7/2021,4/11/2021,The Winston Group,A/B,1000,rv,1.215059,0,45,41,44.028395,40.58784,"","",https://www.winningtheissues.org/wp-content/uploads/2021/08/Winning-the-Issues-April-2021-National-Survey.pdf,75474,143966,8/6/2021,20:26:06 24 May 2022
All polls,5/24/2022,4/8/2021,4/13/2021,McLaughlin & Associates,C/D,1000,lv,.34643543,0,46,46.4,44.651323,43.18139,"","",https://www.ammoland.com/2021/04/new-mclaughlin-poll-strong-2a-support-not-so-much-for-exec-orders/#axzz6sCmt62BU,74665,140646,4/16/2021,20:26:06 24 May 2022
All polls,5/24/2022,4/12/2021,4/16/2021,Ipsos,B-,4423,a,1.2202031,0,39,31,42.377255,37.337086,"","",https://www.ipsos.com/sites/default/files/ct/news/documents/2021-05/Reuters%20Ipsos%20Large%20Issue%20Poll%20%232%20Topline%20%20Write-up%20-%20Biden%20100%20Days%20-%2012%20April%20thru%2016%20April%202021.pdf,74812,142388,5/19/2021,20:26:06 24 May 2022
All polls,5/24/2022,4/15/2021,4/17/2021,RMG Research,B-,1200,rv,.70755667,0,43,39,44.940214,40.370779,"","",https://scottrasmussen.com/generic-congressional-ballot-democrats-43-republicans-39/,74673,140667,4/19/2021,20:26:06 24 May 2022
All polls,5/24/2022,4/15/2021,4/20/2021,Change Research,B-,1025,rv,.96605047,0,48,43,45.97267,42.082607,"","",https://twitter.com/ChangePolls/status/1388132970536505344,74730,140873,4/30/2021,20:26:06 24 May 2022
All polls,5/24/2022,4/17/2021,4/20/2021,YouGov,B+,1168,rv,.49856941,0,45,37,44.498199,41.084682,"","",https://today.yougov.com/topics/politics/trackers/congressional-ballot-voting-intention,74683,144500,8/26/2021,20:26:06 24 May 2022
All polls,5/24/2022,4/17/2021,4/20/2021,Hart Research Associates/Public Opinion Strategies,B+,790,rv,1.1016758,0,47,42,45.98163,41.19472,"","",https://www.documentcloud.org/documents/20690434-210098-nbc-news-april-poll-4-25-21-release,74703,140773,4/26/2021,20:26:06 24 May 2022
All polls,5/24/2022,4/16/2021,4/23/2021,Echelon Insights,B/C,1043,rv,.58723229,0,46,42,43.765917,41.718426,"","",https://echeloninsights.com/in-the-news/april-omnibus-political/,74731,140848,4/28/2021,20:26:06 24 May 2022
All polls,5/24/2022,4/21/2021,4/23/2021,YouGov,B+,1000,a,.45067816,0,45,38,44.498199,42.084682,"","",https://polsci.umass.edu/toplines-and-crosstabs-april-2021-election-reform,74708,140862,4/29/2021,20:26:06 24 May 2022
All polls,5/24/2022,4/24/2021,4/27/2021,YouGov,B+,1138,rv,.45442482,0,43,38,42.498199,42.084682,"","",https://today.yougov.com/topics/politics/trackers/congressional-ballot-voting-intention,75771,144501,8/26/2021,20:26:06 24 May 2022
All polls,5/24/2022,5/5/2021,5/9/2021,Cygnal,B+,1030,a,1.2530866,0,43.9,41.4,42.736671,40.16934,"","",https://projects.fivethirtyeight.com/polls/20210525_US_Cygnal.pdf,74847,142547,5/25/2021,20:26:06 24 May 2022
All polls,5/24/2022,5/6/2021,5/8/2021,RMG Research,B-,1000,rv,.59655219,0,41,40,42.940214,41.370779,"","",https://scottrasmussen.com/generic-congressional-ballot-democrats-41-republican-40/,74803,142337,5/13/2021,20:26:06 24 May 2022
All polls,5/24/2022,5/8/2021,5/9/2021,Redfield & Wilton Strategies,B/C,1189,lv,.95256082,0,44,37,44.03564,38.336005,"","",https://redfieldandwiltonstrategies.com/bidens-approval-rating-remains-high-whereas-pluralities-disapprove-of-all-congressional-leaders/?utm_source=rss&utm_medium=rss&utm_campaign=bidens-approval-rating-remains-high-whereas-pluralities-disapprove-of-all-congressional-leaders,74805,142343,5/14/2021,20:26:06 24 May 2022
All polls,5/24/2022,5/8/2021,5/11/2021,YouGov,B+,1138,rv,.40084479,0,45,39,44.498199,43.084682,"","",https://today.yougov.com/topics/politics/trackers/congressional-ballot-voting-intention,74788,144502,8/26/2021,20:26:06 24 May 2022
All polls,5/24/2022,5/12/2021,5/18/2021,McLaughlin & Associates,C/D,1000,lv,.3577941,0,46,47,44.651323,43.78139,"","",https://mclaughlinonline.com/pols/wp-content/uploads/2021/05/National-Monthly-Omnibus-MAY-Release-1.pdf,74819,142435,5/19/2021,20:26:06 24 May 2022
All polls,5/24/2022,5/14/2021,5/17/2021,Echelon Insights,B/C,1132,rv,.59521006,0,50,40,47.765917,39.718426,"","",https://echeloninsights.com/in-the-news/may-omnibus-political/,74836,142498,5/21/2021,20:26:06 24 May 2022
All polls,5/24/2022,5/15/2021,5/18/2021,YouGov,B+,1141,rv,.38036747,0,47,38,46.498199,42.084682,"","",https://today.yougov.com/topics/politics/trackers/congressional-ballot-voting-intention,74817,144503,8/26/2021,20:26:06 24 May 2022
All polls,5/24/2022,5/18/2021,5/24/2021,Quinnipiac University,A-,1174,rv,1.2329612,0,50,41,49.12534,39.994566,"","",https://poll.qu.edu/poll-release?releaseid=3810,74854,142608,5/26/2021,20:26:06 24 May 2022
All polls,5/24/2022,5/20/2021,5/25/2021,ALG Research/Hart Research Associates,"",805,rv,.72097516,0,39,37,40.823852,38.31215,"","",https://americansfortaxfairness.org/wp-content/uploads/Toplines-ALG-HART-ATF-Tax-Poll-May-2021-for-release.pdf,75038,143047,7/7/2021,20:26:06 24 May 2022
All polls,5/24/2022,5/22/2021,5/25/2021,YouGov,B+,1135,rv,.36342019,0,46,37,45.498199,41.084682,"","",https://today.yougov.com/topics/politics/trackers/congressional-ballot-voting-intention,74851,144504,8/26/2021,20:26:06 24 May 2022
All polls,5/24/2022,5/29/2021,6/1/2021,YouGov,B+,1187,rv,.35765907,0,43,35,42.498199,39.084682,"","",https://today.yougov.com/topics/politics/trackers/congressional-ballot-voting-intention,74878,144505,8/26/2021,20:26:06 24 May 2022
All polls,5/24/2022,6/2/2021,6/5/2021,Cor Services,"",519,lv,.6454696,0,41,37,42.48718,36.830937,"","",https://excellenceinpolling.com/public_poll/national-2021-quarter-2-tracking-poll/,75814,154160,3/26/2022,20:26:06 24 May 2022
All polls,5/24/2022,6/2/2021,6/8/2021,ALG Research,B/C,1000,lv,.94813222,0,46,46,45.269469,44.097419,"","",https://thirdway.imgix.net/pdfs/override/Economic-Trust-Gap-Survey-Toplines-June-2021.pdf,75784,144538,8/30/2021,20:26:06 24 May 2022
All polls,5/24/2022,6/5/2021,6/8/2021,YouGov,B+,1189,rv,.34903397,0,46,37,45.498199,41.084682,"","",https://today.yougov.com/topics/politics/trackers/congressional-ballot-voting-intention,75772,144506,8/26/2021,20:26:06 24 May 2022
All polls,5/24/2022,6/7/2021,6/10/2021,The Winston Group,A/B,1000,rv,1.1742924,0,46,42,45.028395,41.58784,"","",https://www.winningtheissues.org/wp-content/uploads/2021/08/Winning-the-Issues-June-2021-National-Survey.pdf,75475,143967,8/6/2021,20:26:06 24 May 2022
All polls,5/24/2022,6/12/2021,6/15/2021,YouGov,B+,1196,rv,.34332307,0,41,34,40.498199,38.084682,"","",https://today.yougov.com/topics/politics/trackers/congressional-ballot-voting-intention,75773,144507,8/26/2021,20:26:06 24 May 2022
All polls,5/24/2022,6/11/2021,6/17/2021,Ipsos,B-,4420,a,1.1599265,0,37,30,40.377255,36.337086,"","",https://www.ipsos.com/sites/default/files/ct/news/documents/2021-07/Reuters%20Ipsos%20Large%20Issue%20Poll%20%203%20-%2011%20June%20thru%2017%20June%202021%20Topline%20write-up.pdf,75062,143119,7/8/2021,20:26:06 24 May 2022
All polls,5/24/2022,6/14/2021,6/21/2021,Greenberg Research,B,2000,rv,1.3700447,0,46,44,44.54829,42.817052,"","",https://democracycorps.com/wp-admin/admin-ajax.php?juwpfisadmin=false&action=wpfd&task=file.download&wpfd_category_id=267&wpfd_file_id=297950&token=&preview=1,75856,144681,9/2/2021,20:26:06 24 May 2022
All polls,5/24/2022,6/16/2021,6/20/2021,McLaughlin & Associates,C/D,1000,lv,.36946801,0,46,47,44.651323,43.78139,"","",https://mclaughlinonline.com/pols/wp-content/uploads/2021/06/National-Monthly-Omnibus-6-21-21-Release.pdf,74998,142940,6/24/2021,20:26:06 24 May 2022
All polls,5/24/2022,6/18/2021,6/22/2021,Echelon Insights,B/C,1001,rv,.56691074,0,46,42,43.765917,41.718426,"","",https://echeloninsights.com/in-the-news/june-omnibus-political/,74995,142925,6/24/2021,20:26:06 24 May 2022
All polls,5/24/2022,6/19/2021,6/22/2021,YouGov,B+,1157,rv,.33087196,0,44,37,43.498199,41.084682,"","",https://today.yougov.com/topics/politics/trackers/congressional-ballot-voting-intention,75774,144508,8/26/2021,20:26:06 24 May 2022
All polls,5/24/2022,6/22/2021,6/24/2021,RMG Research,B-,1200,rv,.54123909,0,41,38,42.940214,39.370779,"","",https://scottrasmussen.com/generic-ballot-democrats-41-republicans-38/,75015,142990,6/30/2021,20:26:06 24 May 2022
All polls,5/24/2022,6/26/2021,6/29/2021,YouGov,B+,1198,rv,.32854073,0,44,36,43.498199,40.084682,"","",https://today.yougov.com/topics/politics/trackers/congressional-ballot-voting-intention,75012,144509,8/26/2021,20:26:06 24 May 2022
All polls,5/24/2022,7/3/2021,7/6/2021,YouGov,B+,1176,rv,.32120516,0,43,37,42.498199,41.084682,"","",https://today.yougov.com/topics/politics/trackers/congressional-ballot-voting-intention,75036,144510,8/26/2021,20:26:06 24 May 2022
All polls,5/24/2022,7/8/2021,7/8/2021,PEM Management Corporation,"",1000,lv,.69027885,0,41.7,42.1,43.032445,41.418487,"","",https://www.boltonsuperpac.com/presser_07192021.php,75257,143478,7/20/2021,20:26:06 24 May 2022
All polls,5/24/2022,7/10/2021,7/13/2021,YouGov,B+,1159,rv,.31485772,0,44,37,43.498199,41.084682,"","",https://today.yougov.com/topics/politics/trackers/congressional-ballot-voting-intention,75150,144511,8/26/2021,20:26:06 24 May 2022
All polls,5/24/2022,7/17/2021,7/20/2021,YouGov,B+,1187,rv,.31371335,0,44,35,43.498199,39.084682,"","",https://today.yougov.com/topics/politics/trackers/congressional-ballot-voting-intention,75264,144512,8/26/2021,20:26:06 24 May 2022
All polls,5/24/2022,7/19/2021,7/23/2021,Echelon Insights,B/C,1143,rv,.57236941,0,48,41,45.765917,40.718426,"","",http://60p3co1nax34ovc830mr2sak-wpengine.netdna-ssl.com/wp-content/uploads/July-2021-Omnibus-EXTERNAL-TOPLINES.pdf,75370,143764,7/26/2021,20:26:06 24 May 2022
All polls,5/24/2022,7/22/2021,7/24/2021,RMG Research,B-,1200,rv,.43201442,0,41,38,42.940214,39.370779,"","",https://scottrasmussen.com/generic-ballot-democrats-41-republicans-38-2/,75377,143778,7/27/2021,20:26:06 24 May 2022
All polls,5/24/2022,7/20/2021,7/28/2021,WPA Intelligence,B/C,1000,rv,.89422336,0,44,42,43.908279,41.835322,"","",https://clubforgrowth.ftlbcdn.net/wp-content/uploads/2021/09/CfGPAC_National_Political_PollingMemo_210915.pdf,76308,145381,9/15/2021,20:26:06 24 May 2022
All polls,5/24/2022,7/24/2021,7/27/2021,YouGov,B+,1178,rv,.30890069,0,43,36,42.498199,40.084682,"","",https://today.yougov.com/topics/politics/trackers/congressional-ballot-voting-intention,75406,144513,8/26/2021,20:26:06 24 May 2022
All polls,5/24/2022,7/27/2021,8/2/2021,Quinnipiac University,A-,1145,rv,1.0544069,0,45,44,44.12534,42.994566,"","",https://poll.qu.edu/images/polling/us/us08042021_regvoter_usag18.pdf,75443,143921,8/4/2021,20:26:06 24 May 2022
All polls,5/24/2022,7/29/2021,8/3/2021,McLaughlin & Associates,C/D,1000,lv,.38497859,0,46,48,44.651323,44.78139,"","",https://mclaughlinonline.com/pols/wp-content/uploads/2021/08/National-Monthly-Omnibus-8-2021-Release-.pdf,75491,144003,8/10/2021,20:26:06 24 May 2022
All polls,5/24/2022,7/31/2021,8/3/2021,YouGov,B+,1174,rv,.30514789,0,45,37,44.498199,41.084682,"","",https://today.yougov.com/topics/politics/trackers/congressional-ballot-voting-intention,75441,144514,8/26/2021,20:26:06 24 May 2022
All polls,5/24/2022,8/5/2021,8/7/2021,RMG Research,B-,1200,rv,.39671858,0,42,40,43.940214,41.370779,"","",https://scottrasmussen.com/generic-ballot-democrats-42-republicans-40/,75509,144052,8/11/2021,20:26:06 24 May 2022
All polls,5/24/2022,8/7/2021,8/10/2021,YouGov,B+,2306,rv,.39509866,0,45,37,44.498199,41.084682,"","",https://today.yougov.com/topics/politics/trackers/congressional-ballot-voting-intention,75508,144515,8/26/2021,20:26:06 24 May 2022
All polls,5/24/2022,8/10/2021,8/18/2021,Schoen Cooperman Research,B/C,750,lv,.8612392,0,46,48,44.871517,45.709994,"","",https://drive.google.com/file/d/1aSB6K1a9vTZXeU-S8Hg4CO_6S6fYsmlh/view,75825,144634,9/1/2021,20:26:06 24 May 2022
All polls,5/24/2022,8/12/2021,8/18/2021,Susquehanna Polling & Research,B+,800,lv,1.099399,0,38,39,40.697945,40.329113,"","",https://thefederalist.com/2021/08/19/new-poll-from-the-federalist-susquehanna-shows-joe-bidens-approval-nose-diving-following-botched-afghanistan-withdrawal/,75689,144335,8/20/2021,20:26:06 24 May 2022
All polls,5/24/2022,8/14/2021,8/17/2021,Hart Research Associates/Public Opinion Strategies,B+,790,rv,.93563434,0,47,46,45.98163,45.19472,"","",https://www.nbcnews.com/politics/meet-the-press/biden-s-job-ratings-decline-amid-covid-surge-afghanistan-withdrawal-n1277368,75707,144388,8/22/2021,20:26:06 24 May 2022
All polls,5/24/2022,8/14/2021,8/17/2021,YouGov,B+,1159,rv,.2963209,0,43,38,42.498199,42.084682,"","",https://today.yougov.com/topics/politics/trackers/congressional-ballot-voting-intention,75618,144516,8/26/2021,20:26:06 24 May 2022
All polls,5/24/2022,8/13/2021,8/18/2021,Echelon Insights,B/C,1016,rv,.54462655,0,50,40,47.765917,39.718426,"","",https://echeloninsights.com/in-the-news/august-omnibus-political/,75703,144375,8/20/2021,20:26:06 24 May 2022
All polls,5/24/2022,8/16/2021,8/16/2021,Ipsos,B-,947,a,.81324788,0,40,37,43.377255,43.337086,"","",https://www.reuters.com/world/us/biden-approval-drops-lowest-level-this-year-after-taliban-takeover-2021-08-17/,75616,144246,8/18/2021,20:26:06 24 May 2022
All polls,5/24/2022,8/3/2021,9/7/2021,SSRS,C,1838,rv,.85784968,0,45,44,43.944902,43.316694,"","",http://cdn.cnn.com/cnn/2021/images/09/12/rel5c.-.partisanship.pdf,75985,145013,9/12/2021,20:26:06 24 May 2022
All polls,5/24/2022,8/21/2021,8/24/2021,YouGov,B+,1162,rv,.29265303,0,44,37,43.498199,41.084682,"","",https://today.yougov.com/topics/politics/trackers/congressional-ballot-voting-intention,75743,144517,8/26/2021,20:26:06 24 May 2022
All polls,5/24/2022,8/26/2021,8/29/2021,RMG Research,B-,1200,rv,.34835074,0,40,40,41.940214,41.370779,"","",https://scottrasmussen.com/generic-congressional-ballot-tied-among-registered-voters-however-among-very-motivated-voters-gop-has-5-point-lead/,75820,144615,9/1/2021,20:26:06 24 May 2022
All polls,5/24/2022,8/28/2021,8/31/2021,YouGov,B+,1171,rv,.28903307,0,45,38,44.498199,42.084682,"","",https://today.yougov.com/topics/politics/trackers/congressional-ballot-voting-intention,75822,144631,9/1/2021,20:26:06 24 May 2022
All polls,5/24/2022,8/30/2021,9/2/2021,Change Research,B-,1571,lv,1.0207186,0,49,45,46.97267,44.082607,"","",https://changeresearch.com/post/cnbc-change-research-national-poll/,76414,145569,9/22/2021,20:26:06 24 May 2022
All polls,5/24/2022,9/1/2021,9/8/2021,Public Opinion Strategies,A-,800,rv,1.1696906,0,42,42,41.194872,41.962749,"","",https://pos.org/wp-content/uploads/2021/09/September-2021-Omni-Generic-Ballot.pdf,75984,145003,9/10/2021,20:26:06 24 May 2022
All polls,5/24/2022,9/4/2021,9/8/2021,The Winston Group,A/B,1000,rv,1.2353902,0,46,43,45.028395,42.58784,"","",https://www.winningtheissues.org/wp-content/uploads/2021/09/Winning-the-Issues-September-2021-National-Survey.pdf,76417,145578,9/22/2021,20:26:06 24 May 2022
All polls,5/24/2022,9/4/2021,9/7/2021,YouGov,B+,1158,rv,.2816867,0,43,37,42.498199,41.084682,"","",https://today.yougov.com/topics/politics/trackers/congressional-ballot-voting-intention,75921,144824,9/8/2021,20:26:06 24 May 2022
All polls,5/24/2022,9/10/2021,9/11/2021,RMG Research,B-,1200,rv,.32175587,.00123147,40,40,41.940214,41.370779,"","",https://scottrasmussen.com/generic-congressional-ballot-gop-40-dems-40/,76098,145014,9/13/2021,20:26:06 24 May 2022
All polls,5/24/2022,9/10/2021,9/13/2021,Morning Consult,B,1997,rv,.36701961,.0016716,43,39,42.698646,40.930935,"","",https://assets.morningconsult.com/wp-uploads/2021/09/15071200/2109049_crosstabs_POLITICO_RVs_v1_SH.pdf,76105,145330,9/15/2021,20:26:06 24 May 2022
All polls,5/24/2022,9/10/2021,9/13/2021,YouGov,B+,1153,rv,.27636343,.0011032,43,37,42.498199,41.084682,"","",https://today.yougov.com/topics/politics/trackers/congressional-ballot-voting-intention,76286,145356,9/15/2021,20:26:06 24 May 2022
All polls,5/24/2022,9/10/2021,9/13/2021,Quinnipiac University,A-,1079,rv,.92245653,.00504721,47,43,46.12534,41.994566,"","",https://poll.qu.edu/poll-release?releaseid=3819,76281,145321,9/14/2021,20:26:06 24 May 2022
All polls,5/24/2022,9/9/2021,9/14/2021,McLaughlin & Associates,C/D,1000,lv,.36570067,.00163105,46,47,44.651323,43.78139,"","",https://mclaughlinonline.com/pols/wp-content/uploads/2021/09/MA-National-Survey-Release-September-2021.pdf,76285,145350,9/15/2021,20:26:06 24 May 2022
All polls,5/24/2022,9/13/2021,9/19/2021,Pew Research Center,B/C,10371,a,1.9956802,.02357103,45,40,44.465543,40.950285,"","",https://docs.google.com/spreadsheets/d/1-BjWhA-McZyEvjDp_kry9WPjK07GHrfw7werH4MeGGs/edit#gid=1390745020,76459,149799,11/12/2021,20:26:06 24 May 2022
All polls,5/24/2022,9/18/2021,9/20/2021,Morning Consult,B,1998,rv,.32932056,.00375131,44,40,43.698646,41.930935,"","",https://assets.morningconsult.com/wp-uploads/2021/09/21221706/2109121_crosstabs_POLITICO_34B_INFRASTRUCTURE_RVs_v1_SH.pdf,76407,145543,9/22/2021,20:26:06 24 May 2022
All polls,5/24/2022,9/18/2021,9/21/2021,YouGov,B+,1281,rv,.28032831,.00295816,52,48,51.498199,52.084682,"","",https://docs.cdn.yougov.com/h4zvi2yb6c/econTabReport.pdf,76410,145558,9/22/2021,20:26:06 24 May 2022
All polls,5/24/2022,9/17/2021,9/23/2021,Echelon Insights,B/C,829,lv,.46383584,.00537148,50,40,47.765917,39.718426,"","",https://echeloninsights.com/in-the-news/september-omnibus-political/,76464,145659,9/24/2021,20:26:06 24 May 2022
All polls,5/24/2022,9/22/2021,9/22/2021,RMG Research,B-,1200,rv,.31002016,.00457728,41,40,42.940214,41.370779,"","",https://scottrasmussen.com/generic-ballot-republicans-44-democrats-38/,77525,151633,1/10/2022,20:26:06 24 May 2022
All polls,5/24/2022,9/22/2021,9/24/2021,Lake Research Partners/Emerson College,"",1000,rv,1.1709915,.02458775,45,41,44.30713,41.411618,"","",https://aitogether.org/wp-content/uploads/2021/10/MEMO_9.28.21_AIT.pdf,76608,146066,10/4/2021,20:26:06 24 May 2022
All polls,5/24/2022,9/16/2021,9/29/2021,Public Religion Research Institute,A/B,2508,a,1.5645046,.03285049,37,29,39.379874,34.12527,"","",https://www.prri.org/research/competing-visions-of-america-an-evolving-identity-or-a-culture-under-attack/,77151,148814,11/1/2021,20:26:06 24 May 2022
All polls,5/24/2022,9/20/2021,9/26/2021,Marist College,A,1029,rv,1.2256777,.02418741,46,38,44.468915,38.988598,"","",https://maristpoll.marist.edu/wp-content/uploads/2021/09/NPR_PBS-NewsHour_Marist-Poll_USA-NOS-and-Tables_PLCV_202109271420.pdf,76556,145985,9/30/2021,20:26:06 24 May 2022
All polls,5/24/2022,9/24/2021,9/27/2021,Morning Consult,B,1999,rv,.30333362,.00558514,45,41,44.698646,42.930935,"","",https://assets.morningconsult.com/wp-uploads/2021/09/29071926/2109161_crosstabs_POLITICO_RVs_v1_SH-2.pdf,76468,145864,9/29/2021,20:26:06 24 May 2022
All polls,5/24/2022,9/26/2021,9/28/2021,YouGov,B+,1246,rv,.26998082,.00445199,52,48,51.498199,52.084682,"","",https://docs.cdn.yougov.com/h4zvi2yb6c/econTabReport.pdf,76511,145879,9/29/2021,20:26:06 24 May 2022
All polls,5/24/2022,10/1/2021,10/4/2021,Quinnipiac University,A-,1177,rv,.93630019,.02632923,44,47,43.12534,45.994566,"","",https://poll.qu.edu/poll-release?releaseid=3823,76611,146077,10/5/2021,20:26:06 24 May 2022
All polls,5/24/2022,10/1/2021,10/4/2021,YouGov,B+,1640,a,.2936338,.0063853,37,31,36.498199,35.084682,"","",https://docs.cdn.yougov.com/a6ira9rwv9/20211001_yahoo_vaccine_tabs.pdf,76619,146229,10/8/2021,20:26:06 24 May 2022
All polls,5/24/2022,10/2/2021,10/4/2021,Morning Consult,B,1998,rv,.28528871,.00722393,43,42,42.698646,43.930935,"","",https://www.politico.com/f/?id=0000017c-5392-d47e-ab7e-dfb2c5590000,76615,146089,10/6/2021,20:26:06 24 May 2022
All polls,5/24/2022,10/3/2021,10/5/2021,YouGov,B+,1261,rv,.26343595,.00595768,43,36,42.498199,40.084682,"","",https://docs.cdn.yougov.com/j46zs8picp/econTabReport.pdf,76617,146112,10/6/2021,20:26:06 24 May 2022
All polls,5/24/2022,10/6/2021,10/9/2021,RMG Research,B-,1200,rv,.30388911,.00945337,40,41,41.940214,42.370779,"","",https://scottrasmussen.com/generic-congressional-ballot-gop-42-dems-40/,77147,151632,1/10/2022,20:26:06 24 May 2022
All polls,5/24/2022,10/8/2021,10/11/2021,Morning Consult,B,1999,rv,.27376002,.00869539,43,41,42.698646,42.930935,"","",https://assets.morningconsult.com/wp-uploads/2021/10/13064013/2110042_crosstabs_POLITICO_RVs_v2_SH.pdf,76754,146309,10/13/2021,20:26:06 24 May 2022
All polls,5/24/2022,10/9/2021,10/12/2021,YouGov,B+,1266,rv,.25931613,.00742091,45,37,44.498199,41.084682,"","",https://docs.cdn.yougov.com/h2rgoa7a3x/econTabReport.pdf,76756,146334,10/13/2021,20:26:06 24 May 2022
All polls,5/24/2022,10/10/2021,10/11/2021,RMG Research,B-,1200,rv,.30411429,.01039835,40,40,41.940214,41.370779,"","",https://scottrasmussen.com/generic-congressional-ballot-gop-42-dems-40/,78245,151631,1/10/2022,20:26:06 24 May 2022
All polls,5/24/2022,10/11/2021,10/13/2021,RMG Research,B-,1200,rv,.30526732,.01072343,40,41,41.940214,42.370779,"","",https://scottrasmussen.com/generic-ballot-republicans-41-democrats-40/,76823,146435,10/15/2021,20:26:06 24 May 2022
All polls,5/24/2022,10/12/2021,10/14/2021,Cor Services,"",508,lv,.53026165,.02099939,39,49,40.48718,48.830937,"","",https://excellenceinpolling.com/public_poll/2021-national-3rd-quarter-tracking-poll/,76924,154159,3/26/2022,20:26:06 24 May 2022
All polls,5/24/2022,10/14/2021,10/18/2021,McLaughlin & Associates,C/D,1000,lv,.35057501,.01273972,47,48,45.651323,44.78139,"","",https://mclaughlinonline.com/pols/wp-content/uploads/2021/10/National-Monthly-October-Release.pdf,76905,146595,10/20/2021,20:26:06 24 May 2022
All polls,5/24/2022,10/14/2021,10/17/2021,Hart Research Associates/Public Opinion Strategies,B+,800,a,.74845091,.03242123,43,41,41.98163,40.19472,"","",https://www.cnbc.com/video/2021/10/21/cnbcs-all-america-economic-survey-bidens-approval-rating-plummets.html,76912,146638,10/21/2021,20:26:06 24 May 2022
All polls,5/24/2022,10/16/2021,10/18/2021,Morning Consult,B,1998,rv,.26599922,.00998035,45,40,44.698646,41.930935,"","",https://assets.morningconsult.com/wp-uploads/2021/10/20054637/2110084_crosstabs_POLITICO_RVs_v1_SH.pdf,76896,146560,10/20/2021,20:26:06 24 May 2022
All polls,5/24/2022,10/15/2021,10/19/2021,Echelon Insights,B/C,915,lv,.43226217,.01641398,46,45,43.765917,44.718426,"","",https://echeloninsights.com/in-the-news/october-omnibus-political/,76908,146617,10/20/2021,20:26:06 24 May 2022
All polls,5/24/2022,10/16/2021,10/19/2021,YouGov,B+,1268,rv,.25508358,.00883154,42,37,41.498199,41.084682,"","",https://docs.cdn.yougov.com/mzvq4c7ty8/econTabReport.pdf,76904,146584,10/20/2021,20:26:06 24 May 2022
All polls,5/24/2022,10/18/2021,10/22/2021,Marist College,A,1032,rv,1.1664921,.06218313,44,41,42.468915,41.988598,"","",https://maristpoll.marist.edu/polls/npr-pbs-newshour-marist-national-poll-trust-in-elections-threat-to-democracy-biden-approval-november-2021/,77150,148810,11/1/2021,20:26:06 24 May 2022
All polls,5/24/2022,10/19/2021,10/21/2021,YouGov,B+,1704,a,.28596388,.01038473,37,32,36.498199,36.084682,"","",https://docs.cdn.yougov.com/4i6a6olite/20211021_yahoo_vaccine_tabs.pdf,77029,146803,10/25/2021,20:26:06 24 May 2022
All polls,5/24/2022,10/20/2021,10/26/2021,Echelon Insights,B/C,1600,rv,.53152399,.02330327,43,43,40.765917,42.718426,"","",https://electioninnovation.org/research/nov-2021-election-integrity-survey/data/,77741,150159,11/18/2021,20:26:06 24 May 2022
All polls,5/24/2022,10/22/2021,10/24/2021,Morning Consult,B,1999,rv,.26205365,.01098057,44,42,43.698646,43.930935,"","",https://assets.morningconsult.com/wp-uploads/2021/10/27074729/2110134_crosstabs_POLITICO_RVs_v2_SH.pdf,77048,148597,10/27/2021,20:26:06 24 May 2022
All polls,5/24/2022,10/23/2021,10/26/2021,Hart Research Associates/Public Opinion Strategies,B+,820,rv,.73552217,.03928071,47,45,45.98163,44.19472,"","",https://www.nbcnews.com/politics/meet-the-press/biden-s-job-rating-sinks-42-percent-nbc-news-poll-n1282781,77149,148793,10/31/2021,20:26:06 24 May 2022
All polls,5/24/2022,10/24/2021,10/26/2021,YouGov,B+,1261,rv,.25169703,.0101851,44,38,43.498199,42.084682,"","",https://docs.cdn.yougov.com/qwffht37bk/econTabReport.pdf,77050,148624,10/27/2021,20:26:06 24 May 2022
All polls,5/24/2022,10/27/2021,10/28/2021,Harris Poll,B+,1688,rv,1.0256409,.0549558,42,45,38.919623,41.415625,"","",https://harvardharrispoll.com/wp-content/uploads/2021/11/HHP_October2021_Crosstabs.pdf,77168,148899,11/3/2021,20:26:06 24 May 2022
All polls,5/24/2022,10/28/2021,10/30/2021,RMG Research,B-,1200,rv,.33979224,.01678716,40,41,41.940214,42.370779,"","",https://scottrasmussen.com/generic-ballot-gop-41-dems-40/,77482,149672,11/9/2021,20:26:06 24 May 2022
All polls,5/24/2022,10/29/2021,11/1/2021,Morning Consult,B,1996,rv,.26003403,.0121725,42,42,41.698646,43.930935,"","",https://assets.morningconsult.com/wp-uploads/2021/11/02070634/2110196_crosstabs_POLITICO_RVs_v1_LM.pdf,77166,148835,11/2/2021,20:26:06 24 May 2022
All polls,5/24/2022,10/30/2021,11/2/2021,YouGov,B+,1303,rv,.25190179,.01165908,44,37,43.498199,41.084682,"","",https://docs.cdn.yougov.com/7ylf58dsj9/econTabReport.pdf,77170,148863,11/3/2021,20:26:06 24 May 2022
All polls,5/24/2022,11/1/2021,11/4/2021,SSRS,C,859,rv,.63971693,.03518673,49,44,47.944902,43.316694,"","",https://www.cnn.com/2021/11/08/politics/cnn-poll-biden-job-approval/index.html,77478,149651,11/8/2021,20:26:06 24 May 2022
All polls,5/24/2022,11/3/2021,11/5/2021,Suffolk University,B+,1000,rv,1.1463271,.07774762,37.7,45.9,39.649506,47.674035,"","",https://www.suffolk.edu/-/media/suffolk/documents/academics/research-at-suffolk/suprc/polls/national/2021/11_8_2021_marginals.pdf?la=en&hash=1794FE2E578E79ED2EFC35B6E8DAC2C44B8B06CD,77474,149542,11/7/2021,20:26:06 24 May 2022
All polls,5/24/2022,11/3/2021,11/4/2021,Emerson College,A-,1000,rv,1.271577,.08869089,42,48.7,42.536228,46.695811,"","",https://emersonpolling.reportablenews.com/pr/november-2021-national-poll-biden-job-approval-drops-again,77425,149367,11/5/2021,20:26:06 24 May 2022
All polls,5/24/2022,11/1/2021,11/9/2021,Susquehanna Polling & Research,B+,800,lv,1.0514833,.07113903,32,29,34.697945,30.329113,"","",https://thefederalist.com/2021/11/10/new-fdrlst-susquehanna-poll-shows-bidens-approval-sliding-to-36-percent-widespread-disapproval-of-critical-race-theory/,77497,149746,11/10/2021,20:26:06 24 May 2022
All polls,5/24/2022,11/5/2021,11/7/2021,Morning Consult,B,1998,rv,.26189171,.01303306,44,42,43.698646,43.930935,"","",https://assets.morningconsult.com/wp-uploads/2021/11/10105627/2111037_crosstabs_POLITICO_RVs_v1_CC.pdf,77485,149692,11/10/2021,20:26:06 24 May 2022
All polls,5/24/2022,11/4/2021,11/8/2021,YouGov,B+,1673,a,.27665924,.01392398,36,33,35.498199,37.084682,"","",https://docs.cdn.yougov.com/8yndiqueok/20211108_yahoo_vaccine_tabs%20%282%29.pdf,77487,149721,11/10/2021,20:26:06 24 May 2022
All polls,5/24/2022,11/6/2021,11/9/2021,YouGov,B+,1258,rv,.24692564,.01279894,44,37,43.498199,41.084682,"","",https://docs.cdn.yougov.com/87gqotkd1s/econTabReport.pdf,77486,149712,11/10/2021,20:26:06 24 May 2022
All polls,5/24/2022,11/7/2021,11/10/2021,ABC News/The Washington Post,A+,882,rv,1.4526324,.11626857,41,51,40.737714,49.033099,"","",https://www.washingtonpost.com/context/nov-7-10-2021-washington-post-abc-news-poll/160508a9-cea2-4433-92c8-6dc51838721e/?itid=lk_inline_manual_2,77530,149830,11/14/2021,20:26:06 24 May 2022
All polls,5/24/2022,11/8/2021,11/11/2021,Rasmussen Reports/Pulse Opinion Research,B,2500,lv,.99332146,.0626631,38,51,40.366744,48.244196,"","",https://www.rasmussenreports.com/public_content/politics/mood_of_america/generic_congressional_ballot_nov16,77676,150009,11/16/2021,20:26:06 24 May 2022
All polls,5/24/2022,11/11/2021,11/15/2021,Quinnipiac University,A-,1262,rv,1.0152507,.06620834,41,46,40.12534,44.994566,"","",https://poll.qu.edu/poll-release?releaseid=3827,77733,150118,11/18/2021,20:26:06 24 May 2022
All polls,5/24/2022,11/13/2021,11/15/2021,Morning Consult,B,1998,rv,.26879339,.01416057,43,43,42.698646,44.930935,"","",https://assets.morningconsult.com/wp-uploads/2021/11/17072513/2111084_crosstabs_POLITICO_RVs_v1_SH.pdf,77677,150010,11/17/2021,20:26:06 24 May 2022
All polls,5/24/2022,11/11/2021,11/16/2021,McLaughlin & Associates,C/D,1000,lv,.3814423,.02158314,44,48,42.651323,44.78139,"","",https://mclaughlinonline.com/pols/wp-content/uploads/2021/11/National-Monthly-November-Release-1.pdf,77791,150344,11/19/2021,20:26:06 24 May 2022
All polls,5/24/2022,11/14/2021,11/16/2021,YouGov,B+,1299,rv,.25177106,.01430451,42,38,41.498199,42.084682,"","",https://docs.cdn.yougov.com/anoy7rtkl2/econTabReport.pdf,77678,150040,11/17/2021,20:26:06 24 May 2022
All polls,5/24/2022,11/12/2021,11/18/2021,Echelon Insights,B/C,839,lv,.43085533,.02667696,49,44,46.765917,43.718426,"","",https://echeloninsights.com/in-the-news/november-omnibus-politics/,77792,150346,11/19/2021,20:26:06 24 May 2022
All polls,5/24/2022,11/17/2021,11/19/2021,YouGov,B+,1307,rv,.25365664,.01492138,43,39,42.498199,43.084682,"","",https://docs.cdn.yougov.com/glqc6q0m86/20211119_yahoo_vaccine_tabs.pdf,77866,150724,12/1/2021,20:26:06 24 May 2022
All polls,5/24/2022,11/16/2021,11/19/2021,Marist College,A,969,rv,1.1812109,.10016926,46,41,44.468915,41.988598,"","",https://maristpoll.marist.edu/wp-content/uploads/2021/11/NPR_Marist-Poll_USA-NOS-and-Tables_202111220913-1.pdf,77867,150469,11/24/2021,20:26:06 24 May 2022
All polls,5/24/2022,11/16/2021,11/22/2021,"Fabrizio, Lee & Associates/Impact Research","",1500,rv,.89610345,.07701757,41,44,41.615925,43.542014,"","",https://www.wsj.com/articles/wsj-poll-biden-leadership-economy-midterms-11638888384?mod=Searchresults_pos2&page=1,78012,150842,12/7/2021,20:26:06 24 May 2022
All polls,5/24/2022,11/18/2021,11/21/2021,Public Opinion Strategies,A-,1000,rv,1.1883154,.10140588,42,40,41.194872,39.962749,"","",https://www.conservativeenergynetwork.org/new-cen-poll-shows-voters-want-america-first-clean-energy-and-climate-solutions/,78015,150863,12/8/2021,20:26:06 24 May 2022
All polls,5/24/2022,11/20/2021,11/23/2021,YouGov,B+,1249,rv,.25125739,.01542676,40,40,39.498199,44.084682,"","",https://docs.cdn.yougov.com/79n2jfbdep/econTabReport.pdf,77875,150505,11/24/2021,20:26:06 24 May 2022
All polls,5/24/2022,11/27/2021,11/30/2021,YouGov,B+,1272,rv,.25730297,.0169253,42,37,41.498199,41.084682,"","",https://docs.cdn.yougov.com/qxe3vbsvhw/econTabReport.pdf,77936,150698,12/1/2021,20:26:06 24 May 2022
All polls,5/24/2022,11/29/2021,11/30/2021,RMG Research,B-,1200,rv,.42433105,.03149313,35,38,36.940214,39.370779,"","",https://scottrasmussen.com/generic-congressional-ballot-gop-42-dems-40/,78095,151634,1/10/2022,20:26:06 24 May 2022
All polls,5/24/2022,11/29/2021,12/1/2021,Cor Services,"",523,lv,.52048065,.04719432,37,45,38.48718,44.830937,"","",https://excellenceinpolling.com/public_poll/2021-national-4th-quarter-tracking-poll/,78083,154158,3/26/2022,20:26:06 24 May 2022
All polls,5/24/2022,11/30/2021,12/2/2021,Harris Poll,B+,1989,rv,.98169799,.08034652,50,50,46.919623,46.415625,"","",https://thehill.com/homenews/campaign/584581-new-poll-shows-challenges-for-democrats-ahead-of-2022,77982,150795,12/6/2021,20:26:06 24 May 2022
All polls,5/24/2022,12/1/2021,12/4/2021,Hart Research Associates/Public Opinion Strategies,B+,800,a,.77788722,.07142575,34,44,32.98163,43.19472,"","",https://www.cnbc.com/2021/12/10/public-view-on-bidens-handling-of-covid-and-the-economy-takes-another-hit-cnbc-survey-shows.html,78039,150974,12/10/2021,20:26:06 24 May 2022
All polls,5/24/2022,12/4/2021,12/6/2021,Morning Consult,B,2000,rv,.2796716,.01876083,44,41,43.698646,42.930935,"","",https://assets.morningconsult.com/wp-uploads/2021/12/08091802/2112027_crosstabs_POLITICO_RVs_v2_SH.pdf,77986,150869,12/8/2021,20:26:06 24 May 2022
All polls,5/24/2022,12/4/2021,12/7/2021,YouGov,B+,1265,rv,.26062263,.02058919,42,39,41.498199,43.084682,"","",https://docs.cdn.yougov.com/o8u558c9sy/econTabReport.pdf,78014,150862,12/8/2021,20:26:06 24 May 2022
All polls,5/24/2022,12/2/2021,12/9/2021,Schoen Cooperman Research,B/C,800,lv,.87516097,.10517352,45,48,43.871517,45.709994,"","",https://thehill.com/opinion/white-house/586418-the-democratic-partys-deterioration-is-shattering-hope-for-the-midterms,78118,151242,12/21/2021,20:26:06 24 May 2022
All polls,5/24/2022,12/8/2021,12/11/2021,RMG Research,B-,1200,rv,.44857029,.04457294,38,44,39.940214,45.370779,"","",https://scottrasmussen.com/generic-ballot-republicans-44-democrats-38/,78093,151144,12/17/2021,20:26:06 24 May 2022
All polls,5/24/2022,12/8/2021,12/14/2021,Rasmussen Reports/Pulse Opinion Research,B,2500,lv,.84460802,.09433395,39,48,41.366744,45.244196,"","",https://www.rasmussenreports.com/public_content/politics/mood_of_america/generic_congressional_ballot_dec16,78080,151110,12/16/2021,20:26:06 24 May 2022
All polls,5/24/2022,12/9/2021,12/13/2021,Echelon Insights,B/C,1020,rv,.49612415,.04867824,47,45,44.765917,44.718426,"","",https://echeloninsights.com/in-the-news/december-omnibus-politics/,78069,151035,12/14/2021,20:26:06 24 May 2022
All polls,5/24/2022,12/9/2021,12/13/2021,YouGov,B+,1163,rv,.2552301,.02312467,44,35,43.498199,39.084682,"","",https://news.yahoo.com/poll-just-1-in-4-americans-want-biden-or-trump-to-run-again-in-2024-190141237.html,78101,151413,12/27/2021,20:26:06 24 May 2022
All polls,5/24/2022,12/11/2021,12/13/2021,Morning Consult,B,1998,rv,.27694844,.02272403,43,42,42.698646,43.930935,"","",https://www.politico.com/f/?id=0000017d-bc86-d3d7-a37d-be9e2a280000,78074,151084,12/15/2021,20:26:06 24 May 2022
All polls,5/24/2022,12/12/2021,12/14/2021,YouGov,B+,1267,rv,.26555391,.02528335,42,38,41.498199,42.084682,"","",https://docs.cdn.yougov.com/gv7knlmw7y/econToplines.pdf,78073,151085,12/15/2021,20:26:06 24 May 2022
All polls,5/24/2022,12/11/2021,12/14/2021,Beacon Research/Shaw & Company Research,A,1002,rv,1.2001487,.16217406,39,43,39.662787,42.741098,"","",https://www.foxbusiness.com/politics/voters-think-biden-making-inflation-worse,78078,151108,12/15/2021,20:26:06 24 May 2022
All polls,5/24/2022,12/13/2021,12/17/2021,Ipsos,B-,4407,a,1.1552477,.15130169,40,33,43.377255,39.337086,"","",https://www.ipsos.com/en-us/news-polls/over-half-americans-believe-countrys-economy-headed-wrong-direction-122921,78164,151427,12/30/2021,20:26:06 24 May 2022
All polls,5/24/2022,12/14/2021,12/20/2021,YouGov,B+,900,rv,.23487378,.02442151,42,40,41.498199,44.084682,"","",https://polsci.umass.edu/toplines-and-crosstabs-december-2021-national-poll-elections-and-election-reform,78176,151489,1/5/2022,20:26:06 24 May 2022
All polls,5/24/2022,12/17/2021,12/17/2021,John Zogby Strategies,B/C,777,lv,.98241873,.16128358,43.5,39.6,43.044274,41.07028,"","",https://www.yahoo.com/now/president-bidens-approval-rating-46-204900063.html,78124,151303,12/22/2021,20:26:06 24 May 2022
All polls,5/24/2022,12/17/2021,12/19/2021,InsiderAdvantage,B,750,rv,.8356651,.12315136,43,48,43.779976,45.665181,"","",https://amgreatness.com/2021/12/20/poll-58-of-americans-disapprove-of-bidens-job-performance/,78104,151186,12/20/2021,20:26:06 24 May 2022
All polls,5/24/2022,12/18/2021,12/20/2021,Morning Consult,B,1998,rv,.27371395,.02655951,41,41,40.698646,42.930935,"","",https://assets.morningconsult.com/wp-uploads/2021/12/21214204/2112154_crosstabs_POLITICO_RVs_v1_SH-1.pdf,78105,151258,12/22/2021,20:26:06 24 May 2022
All polls,5/24/2022,12/17/2021,12/20/2021,Change Research,B-,1895,rv,1.079329,.17356335,45,44,42.97267,43.082607,"","",https://changeresearch.com/post/cnbc-change-research-national-poll-biden-year-1-economic-report-card/,78171,151465,1/4/2022,20:26:06 24 May 2022
All polls,5/24/2022,12/19/2021,12/21/2021,YouGov,B+,1315,rv,.27618898,.03049345,43,36,42.498199,40.084682,"","",https://docs.cdn.yougov.com/2n20q7z489/econToplines.pdf,78122,151279,12/22/2021,20:26:06 24 May 2022
All polls,5/24/2022,12/21/2021,12/22/2021,Zogby Analytics,B-,1311,lv,.85662239,.14770427,42.5,42.8,42.200562,43.569977,"","",https://zogbyanalytics.com/news/1080-the-zogby-poll-congressional-voter-generic-and-congressional-voter-enthusiasm-republicans-hold-slight-edge-but-shouldn-t-breakout-the-champagne-just-yet,78169,151460,1/3/2022,20:26:06 24 May 2022
All polls,5/24/2022,12/27/2021,12/30/2021,Suffolk University,B+,1000,rv,1.0787695,.19743073,38.5,37.3,40.449506,39.074035,"","",https://www.usatoday.com/story/news/politics/2022/01/04/gop-midterm-red-flag-bidens-leadership-challenge-usat-suffolk-poll/9078226002/?gnt-cfr=1,78170,151464,1/4/2022,20:26:06 24 May 2022
All polls,5/24/2022,1/2/2022,1/4/2022,YouGov,B+,1201,rv,.27892583,.03868961,42,38,41.498199,42.084682,"","",https://docs.cdn.yougov.com/tyivpnrtkb/econToplines.pdf,78174,151483,1/5/2022,20:26:06 24 May 2022
All polls,5/24/2022,1/2/2022,1/4/2022,The Winston Group,A/B,1000,rv,1.1008923,.21938099,44,46,43.028395,45.58784,"","",https://www.winningtheissues.org/wp-content/uploads/2022/01/Winning-the-Issues-January-2022-National-Survey.pdf,78366,152286,1/31/2022,20:26:06 24 May 2022
All polls,5/24/2022,1/3/2022,1/4/2022,RMG Research,B-,1200,rv,.5624024,.09432071,40,42,41.940214,43.370779,"","",https://scottrasmussen.com/generic-congressional-ballot-gop-42-dems-40/,78244,151630,1/10/2022,20:26:06 24 May 2022
All polls,5/24/2022,1/8/2022,1/9/2022,Morning Consult,B,2000,rv,.24588316,.03674345,44,41,43.698646,42.930935,"","",https://www.politico.com/f/?id=0000017e-4c40-d41e-afff-fc5d1e740000&nname=playbook&nid=0000014f-1646-d88f-a1cf-5f46b7bd0000&nrid=0000014e-f0fe-dd93-ad7f-f8ffdfcd0001&nlid=630318,78254,151702,1/12/2022,20:26:06 24 May 2022
All polls,5/24/2022,1/7/2022,1/10/2022,Quinnipiac University,A-,1178,rv,.95460202,.18526897,43,44,42.12534,42.994566,"","",https://poll.qu.edu/poll-release?releaseid=3831,78257,151740,1/12/2022,20:26:06 24 May 2022
All polls,5/24/2022,1/10/2022,1/10/2022,NewsNation,"",1013,rv,.50958121,.09816723,39.7,45.2,41.326074,46.405771,"","",https://www.newsnationnow.com/us-news/newsnation-poll-voters-trust-in-biden-health-officials-eroding/,78267,151752,1/13/2022,20:26:06 24 May 2022
All polls,5/24/2022,1/8/2022,1/11/2022,YouGov,B+,1258,rv,.28634731,.04416826,42,37,41.498199,41.084682,"","",https://docs.cdn.yougov.com/jv0vlnls0q/econToplines.pdf,78255,151723,1/12/2022,20:26:06 24 May 2022
All polls,5/24/2022,1/9/2022,1/13/2022,Rasmussen Reports/Pulse Opinion Research,B,2500,lv,.79851867,.15217016,39,48,41.366744,45.244196,"","",https://www.rasmussenreports.com/public_content/politics/mood_of_america/generic_congressional_ballot_jan18,78286,151860,1/18/2022,20:26:06 24 May 2022
All polls,5/24/2022,1/12/2022,1/14/2022,Engine Insights,B,831,rv,.55187261,.10899589,42.5,41.6,41.734923,42.982103,"","",https://engine-insights.com/blog/public-opinion-polling/,78824,154925,4/26/2022,20:26:06 24 May 2022
All polls,5/24/2022,1/12/2022,1/15/2022,Trafalgar Group,A-,1077,lv,1.1244318,.27460433,42.4,55.6,43.087113,51.748465,"","",https://www.thetrafalgargroup.org/news/nat-issues-generic-ballot-0120/,78310,151961,1/20/2022,20:26:06 24 May 2022
All polls,5/24/2022,1/14/2022,1/18/2022,Hart Research Associates/Public Opinion Strategies,B+,790,rv,.82617231,.17857962,47,46,45.98163,45.19472,"","",https://www.nbcnews.com/politics/meet-the-press/downhill-divisive-americans-sour-nation-s-direction-new-nbc-news-n1287888,78308,152052,1/23/2022,20:26:06 24 May 2022
All polls,5/24/2022,1/14/2022,1/17/2022,Echelon Insights,B/C,1000,rv,.46959902,.09608732,43,44,40.765917,43.718426,"","",https://netchoice.org/media-press/new-national-poll-americans-oppose-antitrust-regulations-that-harm-american-tech/,78311,151966,1/20/2022,20:26:06 24 May 2022
All polls,5/24/2022,1/13/2022,1/18/2022,McLaughlin & Associates,C/D,1000,lv,.38233011,.0720815,43,48,41.651323,44.78139,"","",https://mclaughlinonline.com/pols/wp-content/uploads/2022/01/National-Release-January-2022.pdf,78297,151934,1/19/2022,20:26:06 24 May 2022
All polls,5/24/2022,1/15/2022,1/16/2022,Morning Consult,B,2005,rv,.23455855,.03988599,41,42,40.698646,43.930935,"","",https://assets.morningconsult.com/wp-uploads/2022/01/18165343/2201075_crosstabs_POLITICO_RVs_v1_SH.pdf,78290,151912,1/19/2022,20:26:06 24 May 2022
All polls,5/24/2022,1/15/2022,1/18/2022,YouGov,B+,1153,rv,.27672318,.04732297,43,39,42.498199,43.084682,"","",https://docs.cdn.yougov.com/ag4e883md3/econToplines.pdf,78292,151913,1/19/2022,20:26:06 24 May 2022
All polls,5/24/2022,1/16/2022,1/19/2022,Beacon Research/Shaw & Company Research,A,1001,rv,1.0982732,.26896615,43,44,43.662787,43.741098,"","",https://www.foxnews.com/politics/fox-news-poll-voters-split-congressional-election,78322,152051,1/23/2022,20:26:06 24 May 2022
All polls,5/24/2022,1/19/2022,1/20/2022,Harris Poll,B+,1815,rv,.85943848,.18127867,47,53,43.919623,49.415625,"","",https://thehill.com/homenews/campaign/591118-poll-30-percent-of-americans-say-they-approve-of-the-job-congress-is-doing,78328,152060,1/24/2022,20:26:06 24 May 2022
All polls,5/24/2022,1/21/2022,1/23/2022,Echelon Insights,B/C,1029,rv,.47788922,.10625038,46,41,43.765917,40.718426,"","",https://echeloninsights.com/in-the-news/january-22-omnibus-political/,78341,152187,1/26/2022,20:26:06 24 May 2022
All polls,5/24/2022,1/20/2022,1/24/2022,Monmouth University,A,735,rv,1.1839102,.31749844,43,51,42.354281,48.946019,"","",https://www.monmouth.edu/polling-institute/reports/MonmouthPoll_US_012622/,78338,152175,1/26/2022,20:26:06 24 May 2022
All polls,5/24/2022,1/21/2022,1/23/2022,InsiderAdvantage,B,850,lv,.80536479,.20202038,42,49,42.779976,46.665181,"","",https://amgreatness.com/2022/01/25/poll-only-40-percent-of-americans-approve-of-bidens-job-performance-most-prefer-gop-to-control-congress/,78330,152072,1/25/2022,20:26:06 24 May 2022
All polls,5/24/2022,1/22/2022,1/23/2022,Morning Consult,B,2005,rv,.22698604,.04301509,42,42,41.698646,43.930935,"","",https://www.politico.com/f/?id=0000017e-92cd-db3e-a17e-d2ff8b5d0000,78335,152148,1/26/2022,20:26:06 24 May 2022
All polls,5/24/2022,1/21/2022,1/24/2022,Zogby Analytics,B-,897,lv,.7510749,.20403673,43.7,41.9,43.400562,42.669977,"","",https://zogbyanalytics.com/news/1124-the-zogby-poll-congressional-generic-2-2-2022,78360,152403,2/3/2022,20:26:06 24 May 2022
All polls,5/24/2022,1/22/2022,1/25/2022,YouGov,B+,1249,rv,.28534694,.05374555,42,38,41.498199,42.084682,"","",https://docs.cdn.yougov.com/msj0jl4o2x/econToplines.pdf,78334,152149,1/26/2022,20:26:06 24 May 2022
All polls,5/24/2022,1/10/2022,2/6/2022,SSRS,C,1257,rv,.69190882,.16700856,43,44,41.944902,43.316694,"","",https://www.cnn.com/2022/02/11/politics/cnn-poll-economy-education-2022/index.html,78424,152598,2/11/2022,20:26:06 24 May 2022
All polls,5/24/2022,1/25/2022,1/27/2022,OnMessage,B/C,800,lv,.48144858,.11971375,43,47,42.500905,46.576007,"","",https://senopportunity.org/wp-content/uploads/2022/02/2022-01-21-PUBLIC-DECK-National-SOF.pdf,78374,152345,2/2/2022,20:26:06 24 May 2022
All polls,5/24/2022,1/25/2022,1/27/2022,Cygnal,B+,5837,lv,1.4383197,.34633192,44.8,47.1,43.636671,45.86934,"","",https://www.cygn.al/cygnal-national-voter-trends-panel/,78408,152465,2/8/2022,20:26:06 24 May 2022
All polls,5/24/2022,1/26/2022,1/28/2022,Engine Insights,B,808,rv,.4828993,.11699954,44.1,43.8,43.334923,45.182103,"","",https://engine-insights.com/blog/public-opinion-polling/,78823,154924,4/26/2022,20:26:06 24 May 2022
All polls,5/24/2022,1/28/2022,1/30/2022,Morning Consult,B,2005,rv,.22256202,.04576825,44,41,43.698646,42.930935,"","",https://www.politico.com/f/?id=0000017e-b883-d713-a1ff-fbab0b900000,78373,152344,2/2/2022,20:26:06 24 May 2022
All polls,5/24/2022,1/29/2022,2/1/2022,YouGov,B+,1273,rv,.28803548,.05923831,44,38,43.498199,42.084682,"","",https://docs.cdn.yougov.com/o2uq4b0h68/econToplines.pdf,78377,152369,2/2/2022,20:26:06 24 May 2022
All polls,5/24/2022,2/2/2022,2/6/2022,Trafalgar Group,A-,1073,lv,1.1048645,.34086671,41.9,54.4,42.587113,50.548465,"","",https://www.thetrafalgargroup.org/wp-content/uploads/2022/02/COSA-National-Issues-Full-Report-0209.pdf,78435,152638,2/14/2022,20:26:06 24 May 2022
All polls,5/24/2022,1/31/2022,2/7/2022,Ipsos,B-,4404,a,1.1102784,.30810501,42,34,45.377255,40.337086,"","",https://www.ipsos.com/en-us/news-polls/half-americans-say-certain-to-vote-upcoming-midterms-021522,78448,152725,2/17/2022,20:26:06 24 May 2022
All polls,5/24/2022,2/5/2022,2/6/2022,Morning Consult,B,2005,rv,.21706576,.0495408,42,43,41.698646,44.930935,"","",https://assets.morningconsult.com/wp-uploads/2022/02/08222920/2202029_crosstabs_POLITICO_RVs_v2_SH.pdf,78403,152502,2/9/2022,20:26:06 24 May 2022
All polls,5/24/2022,2/3/2022,2/9/2022,Susquehanna Polling & Research,B+,800,lv,1.0346256,.31829101,41,47,43.697945,48.329113,"","",https://thefederalist.com/2022/02/11/gop-surges-to-6-point-generic-ballot-lead-in-new-fdrlst-susquehanna-poll/,78430,152615,2/11/2022,20:26:06 24 May 2022
All polls,5/24/2022,2/4/2022,2/8/2022,Public Opinion Strategies,A-,1000,rv,1.1648257,.35577509,43,41,42.194872,40.962749,"","",https://cresenergy.com/pressreleases/poll-voters-support-commonsense-all-the-above-energy-policies-championed-by-republicans/,78515,153096,3/1/2022,20:26:06 24 May 2022
All polls,5/24/2022,2/5/2022,2/8/2022,YouGov,B+,1255,rv,.28568249,.06406954,43,39,42.498199,43.084682,"","",https://docs.cdn.yougov.com/i8sxn720xf/econToplines.pdf,78412,152521,2/9/2022,20:26:06 24 May 2022
All polls,5/24/2022,2/8/2022,2/10/2022,OnMessage,B/C,800,lv,.43316874,.12951106,42,45,41.500905,44.576007,"","",https://senopportunity.org/wp-content/uploads/2022/02/2022-01-22-PUBLIC-DECK-v2-National-SOF.pdf,78440,152662,2/15/2022,20:26:06 24 May 2022
All polls,5/24/2022,2/9/2022,2/11/2022,Engine Insights,B,813,rv,.45062361,.12769416,44.5,41.5,43.734923,42.882103,"","",https://engine-insights.com/blog/public-opinion-polling/,78822,154923,4/26/2022,20:26:06 24 May 2022
All polls,5/24/2022,2/10/2022,2/14/2022,Quinnipiac University,A-,1172,rv,.9250982,.26942085,44,46,43.12534,44.994566,"","",https://poll.qu.edu/poll-release?releaseid=3835,78445,152719,2/16/2022,20:26:06 24 May 2022
All polls,5/24/2022,2/12/2022,2/13/2022,Morning Consult,B,2005,rv,.21276704,.05299254,41,43,40.698646,44.930935,"","",https://www.politico.com/f/?id=0000017f-0229-df48-a77f-42a928d30000,78441,152663,2/16/2022,20:26:06 24 May 2022
All polls,5/24/2022,2/12/2022,2/15/2022,YouGov,B+,1231,rv,.27894855,.06891028,42,37,41.498199,41.084682,"","",https://twitter.com/YouGovAmerica/status/1493949054325334024,78443,152697,2/16/2022,20:26:06 24 May 2022
All polls,5/24/2022,2/13/2022,2/17/2022,Rasmussen Reports/Pulse Opinion Research,B,2500,lv,.77622687,.22118288,37,50,39.366744,47.244196,"","",https://www.rasmussenreports.com/public_content/politics/mood_of_america/generic_congressional_ballot_feb18,78459,152738,2/18/2022,20:26:06 24 May 2022
All polls,5/24/2022,2/15/2022,2/16/2022,The Winston Group,A/B,1000,rv,1.0251325,.35430384,44,44,43.028395,43.58784,"","",https://www.winningtheissues.org/wp-content/uploads/2022/04/Winning-the-Issues-February-2022-National-Survey.pdf,78845,155018,4/27/2022,20:26:06 24 May 2022
All polls,5/24/2022,2/16/2022,2/20/2022,Suffolk University,B+,1000,rv,1.1370296,.39459849,38.9,37.3,40.849506,39.074035,"","",https://www.suffolk.edu/-/media/suffolk/documents/academics/research-at-suffolk/suprc/polls/national/2022/02_28_2022_complete_marginals.pdf?la=en&hash=6644AE77129EC0F4D711EB83D90CBC0E683DA658,78503,153001,2/28/2022,20:26:06 24 May 2022
All polls,5/24/2022,2/16/2022,2/22/2022,McLaughlin & Associates,C/D,1000,lv,.34560182,.10589692,45,47,43.651323,43.78139,"","",https://mclaughlinonline.com/pols/wp-content/uploads/2022/02/National-Monthly-February-2022-Release.pdf,78491,152910,2/24/2022,20:26:06 24 May 2022
All polls,5/24/2022,2/19/2022,2/20/2022,Emerson College,A-,1138,rv,1.0896346,.38234771,41.4,49.9,41.936228,47.895811,"","",https://emersonpolling.reportablenews.com/pr/february-2022-national-poll-inflation-tops-nation-s-concerns-perception-of-covid-s-public-health-threat-drops,78464,152758,2/22/2022,20:26:06 24 May 2022
All polls,5/24/2022,2/19/2022,2/21/2022,Morning Consult,B,2005,rv,.20668308,.05657711,45,41,44.698646,42.930935,"","",https://assets.morningconsult.com/wp-uploads/2022/02/22150612/2202139_crosstabs_POLITICO_RVs_v1_SH.pdf,78473,152836,2/23/2022,20:26:06 24 May 2022
All polls,5/24/2022,2/19/2022,2/23/2022,Echelon Insights,B/C,1078,rv,.52357236,.16371289,45,44,42.765917,43.718426,"","",https://echeloninsights.com/in-the-news/february-22-omnibus-political-2/,78492,152935,2/24/2022,20:26:06 24 May 2022
All polls,5/24/2022,2/19/2022,2/23/2022,The Bullfinch Group,"",1044,rv,.75140492,.2606797,41,42,41.063797,43.269207,"","",https://www.thebullfinchgroup.com/post/public-release-of-bullfinch-q1-nationwide-survey,78495,152985,2/25/2022,20:26:06 24 May 2022
All polls,5/24/2022,2/19/2022,2/22/2022,Beacon Research/Shaw & Company Research,A,1001,rv,1.0689043,.37332703,45,49,45.662787,48.741098,"","",https://www.foxnews.com/politics/fox-news-poll-republicans-maintain-advantage-generic-midterm-ballot,78493,152987,2/25/2022,20:26:06 24 May 2022
All polls,5/24/2022,2/19/2022,2/22/2022,YouGov,B+,1290,rv,.27786054,.07585713,44,38,43.498199,42.084682,"","",https://docs.cdn.yougov.com/af2sfv6t42/econToplines.pdf,78475,152837,2/23/2022,20:26:06 24 May 2022
All polls,5/24/2022,2/20/2022,2/24/2022,ABC News/The Washington Post,A+,904,rv,1.4137358,.52868744,42,49,41.737714,47.033099,"","",https://www.washingtonpost.com/politics/2022/02/27/biden-post-abc-poll/,78500,152996,2/27/2022,20:26:06 24 May 2022
All polls,5/24/2022,2/23/2022,2/24/2022,NewsNation,"",1046,rv,.40312982,.13852273,38.92,41.94,40.546074,43.145771,"","",https://www.newsnationnow.com/polls/voters-doubt-biden-on-all-fronts-newsnation-poll-shows/,78506,153019,2/28/2022,20:26:06 24 May 2022
All polls,5/24/2022,2/23/2022,2/25/2022,Engine Insights,B,811,rv,.42695709,.14409993,44.5,41.2,43.734923,42.582103,"","",https://engine-insights.com/blog/public-opinion-polling/,78821,154922,4/26/2022,20:26:06 24 May 2022
All polls,5/24/2022,2/23/2022,2/24/2022,Harris Poll,B+,2026,rv,.81011149,.27048694,49,51,45.919623,47.415625,"","",https://mcusercontent.com/ca678077bc522bd7bd74bacbf/files/a7e91458-499d-d0b4-70c5-192fa4bba67f/HHP_Feb_2022_Final_Deck_002_.pdf,78499,152986,2/25/2022,20:26:06 24 May 2022
All polls,5/24/2022,2/23/2022,2/24/2022,OnMessage,B/C,802,lv,.41303545,.14769432,45,43,44.500905,42.576007,"","",https://senopportunity.org/wp-content/uploads/2022/02/2022-02-23-PUBLIC-DECK-National-SOF.pdf,78517,153098,3/1/2022,20:26:06 24 May 2022
All polls,5/24/2022,2/25/2022,2/27/2022,Morning Consult,B,2004,rv,.20080154,.06440733,42,41,41.698646,42.930935,"","",https://assets.morningconsult.com/wp-uploads/2022/03/02054309/2202168_crosstabs_POLITICO_RVs_v1_SH.pdf,78509,153140,3/2/2022,20:26:06 24 May 2022
All polls,5/24/2022,2/24/2022,2/27/2022,YouGov,B+,1169,rv,.26173698,.08302363,42,39,41.498199,43.084682,"","",https://www.scribd.com/document/561901701/20220228-yahoo-tabs,78507,153081,3/1/2022,20:26:06 24 May 2022
All polls,5/24/2022,2/26/2022,3/1/2022,YouGov,B+,1205,rv,.26321938,.08867839,42,38,41.498199,42.084682,"","",https://docs.cdn.yougov.com/omtmdczu48/econToplines.pdf,78521,153141,3/2/2022,20:26:06 24 May 2022
All polls,5/24/2022,3/1/2022,3/3/2022,Cor Services,"",524,lv,.60577631,.25492718,42,43,43.48718,42.830937,"","",https://excellenceinpolling.com/public_poll/2022-national-quarter-1-tracking-poll/,78683,154239,3/29/2022,20:26:06 24 May 2022
All polls,5/24/2022,3/2/2022,3/7/2022,"Fabrizio, Lee & Associates/Impact Research","",1500,rv,.89610345,.40373795,41,46,41.615925,45.542014,"","",https://www.wsj.com/articles/wsj-poll-biden-ukraine-inflation-midterms-11646975533,78565,153558,3/11/2022,20:26:06 24 May 2022
All polls,5/24/2022,3/4/2022,3/6/2022,Morning Consult,B,2005,rv,.1964341,.07583643,43,41,42.698646,42.930935,"","",https://morningconsult.com/2022/03/09/black-voters-midterms-ketanji-brown-jackson-survey/,78543,153503,3/9/2022,20:26:06 24 May 2022
All polls,5/24/2022,3/5/2022,3/8/2022,YouGov,B+,1227,rv,.26194308,.10550062,44,39,43.498199,43.084682,"","",https://docs.cdn.yougov.com/nnyqh3ib1d/econToplines.pdf,78551,153521,3/9/2022,20:26:06 24 May 2022
All polls,5/24/2022,3/7/2022,3/8/2022,InsiderAdvantage,B,750,lv,.78035567,.35100561,40,48,40.779976,45.665181,"","",https://amgreatness.com/2022/03/15/new-poll-biden-in-trouble-with-voters-on-job-approval-inflation-ukraine/,78576,153613,3/15/2022,20:26:06 24 May 2022
All polls,5/24/2022,3/7/2022,3/13/2022,Pew Research Center,B/C,9021,rv,1.9451323,.97019639,43,43,42.465543,43.950285,"","",https://www.pewresearch.org/politics/2022/03/24/republicans-more-likely-than-democrats-to-say-partisan-control-of-congress-really-matters/,78577,154141,3/24/2022,20:26:06 24 May 2022
All polls,5/24/2022,3/9/2022,3/11/2022,Engine Insights,B,823,rv,.41589754,.18839011,41.9,44.4,41.134923,45.782103,"","",https://engine-insights.com/blog/public-opinion-polling/,78820,154921,4/26/2022,20:26:06 24 May 2022
All polls,5/24/2022,3/6/2022,3/14/2022,SocialSphere,B/C,6565,rv,1.2586631,.6277981,40,41,41.081239,42.541953,"","",https://murmuration.org/static/2022-Murmuration-Benchmark-Poll-Crosstabs.pdf,78813,154878,4/25/2022,20:26:06 24 May 2022
All polls,5/24/2022,3/10/2022,3/14/2022,Monmouth University,A,746,rv,1.1485218,.57317525,46,46,45.354281,43.946019,"","",https://www.monmouth.edu/polling-institute/reports/MonmouthPoll_US_031722/,78594,153727,3/17/2022,20:26:06 24 May 2022
All polls,5/24/2022,3/10/2022,3/14/2022,YouGov,B+,1225,rv,.26105591,.11693379,42,38,41.498199,42.084682,"","",https://ph.news.yahoo.com/poll-americans-warm-to-bidens-approach-on-russia-and-ukraine-125641393.html,78574,153594,3/15/2022,20:26:06 24 May 2022
All polls,5/24/2022,3/12/2022,3/14/2022,The Winston Group,A/B,1000,rv,1.0629874,.53641576,44,45,43.028395,44.58784,"","",https://www.winningtheissues.org/wp-content/uploads/2022/04/Winning-the-Issues-March-2022-National-Survey.pdf,78844,155017,4/27/2022,20:26:06 24 May 2022
All polls,5/24/2022,3/11/2022,3/14/2022,Morning Consult,B,2005,rv,.19376859,.08871765,42,43,41.698646,44.930935,"","",https://morningconsult.com/2022/03/09/black-voters-midterms-ketanji-brown-jackson-survey/,78580,153674,3/16/2022,20:26:06 24 May 2022
All polls,5/24/2022,3/13/2022,3/17/2022,Rasmussen Reports/Pulse Opinion Research,B,2500,lv,.75505684,.36987531,39,50,41.366744,47.244196,"","",https://www.rasmussenreports.com/public_content/politics/mood_of_america/generic_congressional_ballot_mar18,78596,153729,3/18/2022,20:26:06 24 May 2022
All polls,5/24/2022,3/15/2022,3/17/2022,OnMessage,B/C,800,lv,.4180304,.21276483,44,47,43.500905,46.576007,"","",https://senopportunity.org/wp-content/uploads/2022/03/2022-02-24-PUBLIC-DECK-National-SOF-1.pdf,78646,154014,3/23/2022,20:26:06 24 May 2022
All polls,5/24/2022,3/11/2022,3/21/2022,Hofstra University,B/C,2000,rv,1.0324707,.55933402,50.63,49.28,47.548516,47.544633,"","",https://news.hofstra.edu/2022/03/29/biden-approval-falls-amid-concerns-about-inflation-kalikow-poll/,78687,154280,3/30/2022,20:26:06 24 May 2022
All polls,5/24/2022,3/15/2022,3/21/2022,University of Massachusetts Lowell,B+,873,rv,1.2006975,.66766441,42,40,42.217859,41.718408,"","",https://www.uml.edu/docs/2022-National-Topline-324_tcm18-350201.pdf,78659,154072,3/24/2022,20:26:06 24 May 2022
All polls,5/24/2022,3/17/2022,3/19/2022,Cygnal,B+,5645,lv,1.1428146,.59654485,45.9,46.7,44.736671,45.46934,"","",https://www.cygn.al/march-national-voter-trends-panel/,78673,154169,3/28/2022,20:26:06 24 May 2022
All polls,5/24/2022,3/18/2022,3/20/2022,Emerson College,A-,1023,rv,1.0065246,.55416776,41.8,47.1,42.336228,45.095811,"","",https://emersonpolling.reportablenews.com/pr/national-poll-march-2022-us-voters-report-increased-hardship-as-prices-rise-blame-biden-for-gas-prices,78636,153918,3/22/2022,20:26:06 24 May 2022
All polls,5/24/2022,3/17/2022,3/22/2022,McLaughlin & Associates,C/D,1000,lv,.35311027,.18788848,44,48,42.651323,44.78139,"","",https://mclaughlinonline.com/pols/wp-content/uploads/2022/03/National-Monthly-Release-March-2022-.pdf,78662,154104,3/24/2022,20:26:06 24 May 2022
All polls,5/24/2022,3/18/2022,3/22/2022,Hart Research Associates/Public Opinion Strategies,B+,1000,a,.94519121,.51631344,44,46,42.98163,45.19472,"","",https://www.nbcnews.com/politics/meet-the-press/bidens-job-approval-falls-lowest-level-presidency-war-inflation-fears-rcna21679,78669,154161,3/27/2022,20:26:06 24 May 2022
All polls,5/24/2022,3/18/2022,3/21/2022,Beacon Research/Shaw & Company Research,A,1004,rv,1.0906051,.60146472,41,43,41.662787,42.741098,"","",https://www.foxnews.com/official-polls/fox-news-poll-higher-interest-gives-gop-edge-in-2022-midterms,78649,154045,3/23/2022,20:26:06 24 May 2022
All polls,5/24/2022,3/18/2022,3/21/2022,Echelon Insights,B/C,1050,lv,.57920634,.30500151,45,45,42.765917,44.718426,"","",https://echeloninsights.com/in-the-news/march-22-omnibus-political-update/,78641,153946,3/22/2022,20:26:06 24 May 2022
All polls,5/24/2022,3/18/2022,3/21/2022,Morning Consult,B,2005,rv,.19326355,.1002257,42,41,41.698646,42.930935,"","",https://www.politico.com/f/?id=0000017f-b51c-d17b-a1ff-b7dde2e60000,78634,154013,3/23/2022,20:26:06 24 May 2022
All polls,5/24/2022,3/19/2022,3/22/2022,YouGov,B+,1270,rv,.26576505,.14000982,43,39,42.498199,43.084682,"","",https://docs.cdn.yougov.com/joqdn4nhky/econToplines.pdf,78647,154021,3/23/2022,20:26:06 24 May 2022
All polls,5/24/2022,3/21/2022,3/22/2022,NewsNation,"",1086,rv,.39386899,.21937359,39.31,40.96,40.936074,42.165771,"","",https://www.newsnationnow.com/polls/full-report-newsnation-ukraine-russia-survey/,78658,154071,3/24/2022,20:26:06 24 May 2022
All polls,5/24/2022,3/23/2022,3/24/2022,Harris Poll,B+,1990,rv,.77906378,.44310351,47,53,43.919623,49.415625,"","",https://mcusercontent.com/ca678077bc522bd7bd74bacbf/files/8268fbf4-a318-713b-ed6e-8c25f5df1f41/HHP_March2022_FinalEdited.pdf,78679,154203,3/29/2022,20:26:06 24 May 2022
All polls,5/24/2022,3/25/2022,3/25/2022,co/efficient,B/C,963,lv,1.1618097,.70427234,34,40,37.118497,41.751849,"","",https://coefficient.org/wp-content/uploads/2022/03/National-Critical-Issues.pdf,78675,154171,3/28/2022,20:26:06 24 May 2022
All polls,5/24/2022,3/25/2022,3/27/2022,Morning Consult,B,2006,rv,.19414891,.11052464,42,41,41.698646,42.930935,"","",https://assets.morningconsult.com/wp-uploads/2022/03/29162021/2203186_crosstabs_POLITICO_RVs_v2_SH.pdf,78674,154253,3/30/2022,20:26:06 24 May 2022
All polls,5/24/2022,3/25/2022,3/27/2022,Engine Insights,B,839,rv,.41820015,.24288468,45,42.3,44.234923,43.682103,"","",https://engine-insights.com/blog/public-opinion-polling/,78819,154920,4/26/2022,20:26:06 24 May 2022
All polls,5/24/2022,3/26/2022,3/29/2022,YouGov,B+,1313,rv,.27158945,.15923649,41,39,40.498199,43.084682,"","",https://docs.cdn.yougov.com/4qdxtvqetg/econToplines.pdf,78685,154278,3/30/2022,20:26:06 24 May 2022
All polls,5/24/2022,3/29/2022,3/31/2022,OnMessage,B/C,800,lv,.44566388,.27270467,43,46,42.500905,45.576007,"","",https://senopportunity.org/wp-content/uploads/2022/04/2022-03-25-PUBLIC-DECK-National-SOF.pdf,78716,154431,4/6/2022,20:26:06 24 May 2022
All polls,5/24/2022,3/31/2022,4/4/2022,Quinnipiac University,A-,1280,rv,.88668732,.5712702,43,47,42.12534,45.994566,"","",https://poll.qu.edu/images/polling/us/us04062022_regvoter_ukny76.pdf,78723,154461,4/6/2022,20:26:06 24 May 2022
All polls,5/24/2022,3/31/2022,4/4/2022,YouGov,B+,1233,rv,.26765685,.16800269,44,41,43.498199,45.084682,"","",https://docs.cdn.yougov.com/fxzdwfhegj/20220404_yahoo_tabs.pdf,78717,154543,4/11/2022,20:26:06 24 May 2022
All polls,5/24/2022,4/1/2022,4/4/2022,Morning Consult,B,2003,rv,.19700665,.12511569,43,43,42.698646,44.930935,"","",https://assets.morningconsult.com/wp-uploads/2022/04/05131819/2204008_crosstabs_POLITICO_RVs_v2_SH.pdf,78710,154430,4/6/2022,20:26:06 24 May 2022
All polls,5/24/2022,4/2/2022,4/5/2022,YouGov,B+,1287,rv,.27399185,.17644269,42,38,41.498199,42.084682,"","",https://docs.cdn.yougov.com/bntehkvg1p/econToplines.pdf,78718,154433,4/6/2022,20:26:06 24 May 2022
All polls,5/24/2022,4/6/2022,4/8/2022,Engine Insights,B,814,rv,.42418799,.28604805,44,43.1,43.234923,44.482103,"","",https://engine-insights.com/blog/public-opinion-polling/,78818,154919,4/26/2022,20:26:06 24 May 2022
All polls,5/24/2022,4/8/2022,4/11/2022,Morning Consult,B,2005,rv,.20123262,.1391753,40,43,39.698646,44.930935,"","",https://assets.morningconsult.com/wp-uploads/2022/04/12125341/2204052_crosstabs_POLITICO_RVs_v1_SH.pdf,78747,154594,4/13/2022,20:26:06 24 May 2022
All polls,5/24/2022,4/9/2022,4/12/2022,YouGov,B+,1303,rv,.2840273,.19881686,42,39,41.498199,43.084682,"","",https://docs.cdn.yougov.com/3gmmhwtyj0/econToplines.pdf,78754,154636,4/13/2022,20:26:06 24 May 2022
All polls,5/24/2022,4/10/2022,4/14/2022,Rasmussen Reports/Pulse Opinion Research,B,2500,lv,.81986526,.58453328,39,47,41.366744,44.244196,"","",https://www.rasmussenreports.com/public_content/politics/mood_of_america/generic_congressional_ballot_apr15,78770,154668,4/15/2022,20:26:06 24 May 2022
All polls,5/24/2022,4/12/2022,4/18/2022,Public Opinion Strategies,A-,1500,rv,1.4048275,1.0545894,49,51,48.194872,50.962749,"","",https://americansforprosperity.org/poll-americans-largely-blame-inflation-and-rising-prices-on-government/,78799,154786,4/21/2022,20:26:06 24 May 2022
All polls,5/24/2022,4/15/2022,4/17/2022,Morning Consult,B,2005,rv,.20638529,.15261426,43,42,42.698646,43.930935,"","",https://www.politico.com/f/?id=00000180-4017-dd01-afaa-e537b2150000,78778,154686,4/19/2022,20:26:06 24 May 2022
All polls,5/24/2022,4/15/2022,4/18/2022,Cygnal,B+,5846,lv,1.1404446,.8652445,45,47.4,43.836671,46.16934,"","",https://www.cygn.al/april-national-voter-trends-panel/,78803,154814,4/22/2022,20:26:06 24 May 2022
All polls,5/24/2022,4/17/2022,4/18/2022,NewsNation,"",1038,rv,.46131259,.34952433,39.7,40.7,41.326074,41.905771,"","",https://www.newsnationnow.com/polls/full-report-newsnations-survey-on-covid-19-restrictions-immigration/,78783,154734,4/20/2022,20:26:06 24 May 2022
All polls,5/24/2022,4/16/2022,4/19/2022,YouGov,B+,1258,rv,.29082694,.21971627,43,38,42.498199,42.084682,"","",https://docs.cdn.yougov.com/cx9lo3h9rg/econToplines.pdf,78782,154732,4/20/2022,20:26:06 24 May 2022
All polls,5/24/2022,4/18/2022,4/20/2022,Echelon Insights,B/C,1001,lv,.69243257,.52908877,45,47,42.765917,46.718426,"","",https://echeloninsights.com/in-the-news/april-22-omnibus-political-update-2/,78805,154821,4/22/2022,20:26:06 24 May 2022
All polls,5/24/2022,4/18/2022,4/20/2022,Trafalgar Group,A-,1077,lv,1.2595289,.97996585,39.4,48.1,40.087113,44.248465,"","",https://www.thetrafalgargroup.org/news/nat-survey-biden-approval-0422/,78798,154768,4/21/2022,20:26:06 24 May 2022
All polls,5/24/2022,4/20/2022,4/21/2022,Harris Poll,B+,1966,rv,.83585227,.65653493,50,50,46.919623,46.415625,"","",https://harvardharrispoll.com/key-results-april/,78807,154856,4/25/2022,20:26:06 24 May 2022
All polls,5/24/2022,4/19/2022,4/22/2022,YouGov,B+,1187,rv,.28954646,.22559512,44,40,43.498199,44.084682,"","",https://docs.cdn.yougov.com/v4b3724q7j/20220422_yahoo_toplines.pdf,78814,154927,4/26/2022,20:26:06 24 May 2022
All polls,5/24/2022,4/20/2022,4/22/2022,Engine Insights,B,817,rv,.45219118,.35382731,44.2,42.2,43.434923,43.582103,"","",https://engine-insights.com/blog/public-opinion-polling/,78817,154918,4/26/2022,20:26:06 24 May 2022
All polls,5/24/2022,4/20/2022,4/23/2022,Morning Consult,B,4410,a,.29214731,.22992209,42,36,41.698646,37.930935,"","",https://morningconsult.com/2022/05/23/lgbtq-classroom-politics/,79001,155723,5/23/2022,20:26:06 24 May 2022
All polls,5/24/2022,4/21/2022,4/23/2022,InsiderAdvantage,B,750,lv,.88735319,.7064784,39,51,39.779976,48.665181,"","",https://amgreatness.com/2022/04/25/insider-advantage-poll-trump-would-beat-biden-47-percent-to-43-percent-if-election-were-held-today/,78812,154876,4/25/2022,20:26:06 24 May 2022
All polls,5/24/2022,4/19/2022,4/26/2022,Marist College,A,1162,rv,1.2977385,1.0549845,44,47,42.468915,47.988598,"","",https://maristpoll.marist.edu/polls/npr-pbs-newshour-marist-national-poll-the-2022-midterm-elections-bidens-job-performance-april-2022/,78859,155094,4/29/2022,20:26:06 24 May 2022
All polls,5/24/2022,4/19/2022,4/27/2022,Susquehanna Polling & Research,B+,800,lv,1.0911033,.88326143,39,49,41.697945,50.329113,"","",https://thefederalist.com/2022/04/28/republicans-jump-to-10-point-lead-in-generic-ballot-test-new-fdrlst-susquehanna-poll-shows/,78857,155088,4/28/2022,20:26:06 24 May 2022
All polls,5/24/2022,4/21/2022,4/25/2022,Quinnipiac University,A-,1409,rv,.93858722,.75665931,42,45,41.12534,43.994566,"","",https://poll.qu.edu/images/polling/us/us04272022_regvoter_uoax16.pdf,78841,154991,4/27/2022,20:26:06 24 May 2022
All polls,5/24/2022,4/22/2022,4/26/2022,McLaughlin & Associates,C/D,1000,lv,.44465763,.35705237,43,48,41.651323,44.78139,"","",https://mclaughlinonline.com/pols/wp-content/uploads/2022/04/National-Monthly-April-2022-Release.pdf,78860,155112,4/29/2022,20:26:06 24 May 2022
All polls,5/24/2022,4/22/2022,4/25/2022,Morning Consult,B,2004,rv,.21623304,.17356505,43,42,42.698646,43.930935,"","",https://assets.morningconsult.com/wp-uploads/2022/04/26144616/2204148_crosstabs_POLITICO_RVs_v1_SH.pdf,78825,154958,4/27/2022,20:26:06 24 May 2022
All polls,5/24/2022,4/24/2022,4/28/2022,ABC News/The Washington Post,A+,907,rv,1.4424264,1.2021879,46,45,45.737714,43.033099,"","",https://www.washingtonpost.com/politics/2022/05/01/poll-biden-post-abc/,78864,155141,5/1/2022,20:26:06 24 May 2022
All polls,5/24/2022,4/25/2022,4/26/2022,Emerson College,A-,1000,rv,1.103497,.91416905,40.6,46.8,41.136228,44.795811,"","",https://emersonpolling.reportablenews.com/pr/april-2022-national-poll-civics-education-may-be-linked-to-trust-in-institutions-biden-approval-holds-at-42,78856,155067,4/28/2022,20:26:06 24 May 2022
All polls,5/24/2022,4/26/2022,4/27/2022,YouGov,B+,1331,rv,.31570246,.26091067,42,39,41.498199,43.084682,"","",https://docs.cdn.yougov.com/6tarkt5kkk/econoplines.pdf,78843,155012,4/27/2022,20:26:06 24 May 2022
All polls,5/24/2022,4/28/2022,5/1/2022,Beacon Research/Shaw & Company Research,A,1003,rv,1.2246719,1.0510619,39,46,39.662787,45.741098,"","",https://www.foxnews.com/official-polls/05-03-22-fox-news-poll-voters-are-most-worried-about-inflation-and-the-countrys-future,78870,155189,5/3/2022,20:26:06 24 May 2022
All polls,5/24/2022,4/28/2022,5/1/2022,SSRS,C,806,rv,.53686141,.46195874,44,45,42.944902,44.316694,"","",https://www.cnn.com/2022/05/06/politics/cnn-poll-abortion-midterms-roe-v-wade/index.html,78887,155324,5/6/2022,20:26:06 24 May 2022
All polls,5/24/2022,4/29/2022,5/2/2022,Morning Consult,B,2000,rv,.22978827,.19700832,43,43,42.698646,44.930935,"","",https://assets.morningconsult.com/wp-uploads/2022/05/03132947/2204195_crosstabs_POLITICO_RVs_v2_SH.pdf,78872,155190,5/4/2022,20:26:06 24 May 2022
All polls,5/24/2022,4/27/2022,5/5/2022,Ipsos,B-,2006,a,1.0821927,.93549707,27,29,30.377255,35.337086,"","",https://www.ipsos.com/en-us/news-polls/FiveThirtyEight-2022-midterm-election,78969,155520,5/17/2022,20:26:06 24 May 2022
All polls,5/24/2022,4/30/2022,5/3/2022,YouGov,B+,1303,rv,.32549973,.28179467,53,47,52.498199,51.084682,"","",https://docs.cdn.yougov.com/njqw3o8bdb/econoplines.pdf,78874,155224,5/4/2022,20:26:06 24 May 2022
All polls,5/24/2022,5/3/2022,5/3/2022,Morning Consult,B,1955,rv,.23251255,.20297239,43,43,42.698646,44.930935,"","",https://assets.morningconsult.com/wp-uploads/2022/05/03203234/2205008_crosstabs_POLITICO_RVs_v1_HD.pdf,78873,155223,5/4/2022,20:26:06 24 May 2022
All polls,5/24/2022,5/3/2022,5/5/2022,SSRS,C,645,rv,.49572859,.44123147,42,49,40.944902,48.316694,"","",https://www.cnn.com/2022/05/06/politics/cnn-poll-abortion-midterms-roe-v-wade/index.html,78916,155323,5/6/2022,20:26:06 24 May 2022
All polls,5/24/2022,5/4/2022,5/6/2022,OnMessage,B/C,800,lv,.60127249,.5338015,44,45,43.500905,44.576007,"","",https://senopportunity.org/wp-content/uploads/2022/05/2022-05-26-PUBLIC-DECK-National-SOF-1.pdf,78921,155333,5/9/2022,20:26:06 24 May 2022
All polls,5/24/2022,5/4/2022,5/6/2022,TIPP Insights,A+,1043,rv,1.5487225,1.3934728,42,43,42.253892,43.744048,"","",https://tippinsights.com/inflation-is-the-decisive-issue-for-midterm-voters/,78952,155475,5/12/2022,20:26:06 24 May 2022
All polls,5/24/2022,5/4/2022,5/6/2022,Engine Insights,B,833,rv,.49880369,.44428997,45.3,42,44.534923,43.382103,"","",https://engine-insights.com/blog/public-opinion-polling/,78923,155341,5/9/2022,20:26:06 24 May 2022
All polls,5/24/2022,5/3/2022,5/6/2022,YouGov,B+,1215,rv,.32506746,.28907492,43,39,42.498199,43.084682,"","",https://www.scribd.com/document/573588035/Yahoo-News-Survey,78917,155325,5/6/2022,20:26:06 24 May 2022
All polls,5/24/2022,5/5/2022,5/9/2022,Monmouth University,A,751,rv,1.2281492,1.1200757,43,50,42.354281,47.946019,"","",https://www.monmouth.edu/polling-institute/reports/MonmouthPoll_US_051222/,78951,155473,5/12/2022,20:26:06 24 May 2022
All polls,5/24/2022,5/5/2022,5/9/2022,YouGov,B+,1000,a,.30678964,.27763654,44,38,43.498199,42.084682,"","",https://polsci.umass.edu/toplines-and-crosstabs-may-2022-midterm-elections-biden-impeachment-presidential-primaries,78960,155490,5/13/2022,20:26:06 24 May 2022
All polls,5/24/2022,5/6/2022,5/9/2022,Morning Consult,B,2005,rv,.24965456,.2277093,44,42,43.698646,43.930935,"","",https://assets.morningconsult.com/wp-uploads/2022/05/10135251/2205036_crosstabs_POLITICO_RVs_v2_SH.pdf,78928,155371,5/11/2022,20:26:06 24 May 2022
All polls,5/24/2022,5/5/2022,5/10/2022,Hart Research Associates/Public Opinion Strategies,B+,790,rv,.97803683,.89767133,46,46,44.98163,45.19472,"","",https://www.nbcnews.com/politics/2022-election/support-abortion-rights-hits-new-high-midterm-outlook-stays-mostly-unc-rcna28869,78964,155501,5/15/2022,20:26:06 24 May 2022
All polls,5/24/2022,5/8/2022,5/10/2022,YouGov,B+,1361,rv,.35512487,.32694536,51,49,50.498199,53.084682,"","",https://docs.cdn.yougov.com/7mggbvtur9/econtoplines.pdf,78931,155404,5/11/2022,20:26:06 24 May 2022
All polls,5/24/2022,5/9/2022,5/13/2022,Marist College,A,1213,rv,1.3248579,1.2485503,47,42,45.468915,42.988598,"","",https://maristpoll.marist.edu/polls/npr-pbs-newshour-marist-national-poll-abortion-rights-may-2022/,78979,155620,5/19/2022,20:26:06 24 May 2022
All polls,5/24/2022,5/12/2022,5/16/2022,The Bullfinch Group,"",1000,rv,.78682409,.75757547,44,42,44.063797,43.269207,"","",https://www.thebullfinchgroup.com/post/public-release-of-bullfinch-q2-nationwide-survey,78966,155517,5/16/2022,20:26:06 24 May 2022
All polls,5/24/2022,5/13/2022,5/15/2022,Cygnal,B+,5765,lv,1.3027167,1.2529376,45.1,47.8,43.936671,46.56934,"","",https://www.cygn.al/may-national-voter-trends-panel-video/,79006,155752,5/23/2022,20:26:06 24 May 2022
All polls,5/24/2022,5/12/2022,5/16/2022,Quinnipiac University,A-,1421,rv,1.0201254,.98192151,43,47,42.12534,45.994566,"","",https://poll.qu.edu/images/polling/us/us05182022_regvoter_uirc64.pdf,78977,155614,5/18/2022,20:26:06 24 May 2022
All polls,5/24/2022,5/13/2022,5/16/2022,Morning Consult,B,2005,rv,.27563572,.26671955,44,42,43.698646,43.930935,"","",https://assets.morningconsult.com/wp-uploads/2022/05/17122458/2205081_crosstabs_POLITICO_RVs_v1_SH.pdf,78974,155576,5/18/2022,20:26:06 24 May 2022
All polls,5/24/2022,5/15/2022,5/17/2022,YouGov,B+,952,lv,.33791379,.32978646,43,40,42.498199,44.084682,"","",https://docs.cdn.yougov.com/8ew54v1ohy/econTabReport.pdf,78976,155598,5/18/2022,20:26:06 24 May 2022
All polls,5/24/2022,5/15/2022,5/19/2022,Rasmussen Reports/Pulse Opinion Research,B,2500,lv,1.0107005,.99501064,39,48,41.366744,45.244196,"","",https://www.rasmussenreports.com/public_content/politics/mood_of_america/generic_congressional_ballot_apr15,78992,155676,5/20/2022,20:26:06 24 May 2022
All polls,5/24/2022,5/18/2022,5/19/2022,Harris Poll,B+,1963,rv,.97304582,.97304582,49,51,45.919623,47.415625,"","",https://harvardharrispoll.com/key-results-may/,79016,155795,5/24/2022,20:26:06 24 May 2022
All polls,5/24/2022,5/18/2022,5/20/2022,Engine Insights,B,825,rv,.56110539,.56110539,42.9,43.2,42.134923,44.582103,"","",https://engine-insights.com/blog/public-opinion-polling/,79002,155728,5/23/2022,20:26:06 24 May 2022
